Bot,Trade,Time,Date,Profit,Profit_last_tx,Wallet
Random,Trade 1,10:29:17,2023-04-22,-344.13,-344.13,"{'USDT': 999655.8717208834, 'BTC': 0.0, 'ETH': 0.0, 'BNB': 0.0, 'LTC': 0.0, 'AVAX': 0.0}"
Random,Trade 2,10:59:32,2023-04-22,-186.2,157.93,"{'USDT': 999813.8033511136, 'BTC': 0.0, 'ETH': 0.0, 'BNB': 0.0, 'LTC': 0.0, 'AVAX': 0.0}"
Random,Trade 3,11:29:49,2023-04-22,-195.92,-9.72,"{'USDT': 999804.0793226417, 'BTC': 0.0, 'ETH': 0.0, 'BNB': 0.0, 'LTC': 0.0, 'AVAX': 0.0}"
Random,Trade 4,12:00:05,2023-04-22,-153.32,42.6,"{'USDT': 999846.6760476832, 'BTC': 0.0, 'ETH': 0.0, 'BNB': 0.0, 'LTC': 0.0, 'AVAX': 0.0}"
Random,Trade 5,12:30:21,2023-04-22,-172.71,-19.38,"{'USDT': 999827.2943415887, 'BTC': 0.0, 'ETH': 0.0, 'BNB': 0.0, 'LTC': 0.0, 'AVAX': 0.0}"
Random,Trade 6,13:00:36,2023-04-22,-67.3,105.41,"{'USDT': 999932.7040434044, 'BTC': 0.0, 'ETH': 0.0, 'BNB': 0.0, 'LTC': 0.0, 'AVAX': 0.0}"
Random,Trade 7,13:30:53,2023-04-22,-18.45,48.84,"{'USDT': 999981.5470809676, 'BTC': 0.0, 'ETH': 0.0, 'BNB': 0.0, 'LTC': 0.0, 'AVAX': 0.0}"
Random,Trade 8,14:01:10,2023-04-22,32.49,50.94,"{'USDT': 1000032.4910498715, 'BTC': 0.0, 'ETH': 0.0, 'BNB': 0.0, 'LTC': 0.0, 'AVAX': 0.0}"
Random,Trade 9,14:31:27,2023-04-22,90.7,58.21,"{'USDT': 1000090.7001587772, 'BTC': 0.0, 'ETH': 0.0, 'BNB': 0.0, 'LTC': 0.0, 'AVAX': 0.0}"
Random,Trade 10,15:01:45,2023-04-22,-74.22,-164.92,"{'USDT': 999925.7783629154, 'BTC': 0.0, 'ETH': 0.0, 'BNB': 0.0, 'LTC': 0.0, 'AVAX': 0.0}"
Random,Trade 11,15:32:00,2023-04-22,-102.34,-28.11,"{'USDT': 999897.6644415153, 'BTC': 0.0, 'ETH': 0.0, 'BNB': 0.0, 'LTC': 0.0, 'AVAX': 0.0}"
Random,Trade 12,16:02:16,2023-04-22,-102.34,-0.0,"{'USDT': 999897.6644415152, 'BTC': 0.0, 'ETH': 0.0, 'BNB': 0.0, 'LTC': 0.0, 'AVAX': 0.0}"
Random,Trade 13,16:32:31,2023-04-22,-132.91,-30.58,"{'USDT': 999867.089327808, 'BTC': 0.0, 'ETH': 0.0, 'BNB': 0.0, 'LTC': 0.0, 'AVAX': 0.0}"
Random,Trade 14,17:02:46,2023-04-22,-173.46,-40.55,"{'USDT': 999826.5353032531, 'BTC': 0.0, 'ETH': 0.0, 'BNB': 0.0, 'LTC': 0.0, 'AVAX': 0.0}"
Random,Trade 15,17:33:03,2023-04-22,-253.3,-79.83,"{'USDT': 999746.7020000006, 'BTC': 0.0, 'ETH': 0.0, 'BNB': 0.0, 'LTC': 0.0, 'AVAX': 0.0}"
Random,Trade 16,18:03:19,2023-04-22,-222.85,30.45,"{'USDT': 999777.1542297297, 'BTC': 0.0, 'ETH': 0.0, 'BNB': 0.0, 'LTC': 0.0, 'AVAX': 0.0}"
Random,Trade 17,18:33:35,2023-04-22,-224.3,-1.45,"{'USDT': 999775.7044605241, 'BTC': 0.0, 'ETH': 0.0, 'BNB': 0.0, 'LTC': 0.0, 'AVAX': 0.0}"
Random,Trade 18,19:03:50,2023-04-22,-321.5,-97.21,"{'USDT': 999678.4967518505, 'BTC': 0.0, 'ETH': 0.0, 'BNB': 0.0, 'LTC': 0.0, 'AVAX': 0.0}"
Random,Trade 19,19:34:05,2023-04-22,-358.05,-36.55,"{'USDT': 999641.9516740133, 'BTC': 0.0, 'ETH': 0.0, 'BNB': 0.0, 'LTC': 0.0, 'AVAX': 0.0}"
Random,Trade 20,20:04:21,2023-04-22,-329.77,28.28,"{'USDT': 999670.230930067, 'BTC': 0.0, 'ETH': 0.0, 'BNB': 0.0, 'LTC': 0.0, 'AVAX': 0.0}"
Random,Trade 21,20:34:38,2023-04-22,-366.6,-36.83,"{'USDT': 999633.4003728058, 'BTC': 0.0, 'ETH': 0.0, 'BNB': 0.0, 'LTC': 0.0, 'AVAX': 0.0}"
Random,Trade 22,21:04:56,2023-04-22,-407.24,-40.64,"{'USDT': 999592.7560068015, 'BTC': 0.0, 'ETH': 0.0, 'BNB': 0.0, 'LTC': 0.0, 'AVAX': 0.0}"
Random,Trade 23,21:46:04,2023-04-22,-182.16,225.08,"{'USDT': 999817.8405782139, 'BTC': 0.0, 'ETH': 0.0, 'BNB': 0.0, 'LTC': 0.0, 'AVAX': 0.0}"
Random,Trade 24,22:16:20,2023-04-22,-183.23,-1.07,"{'USDT': 999816.773713244, 'BTC': 0.0, 'ETH': 0.0, 'BNB': 0.0, 'LTC': 0.0, 'AVAX': 0.0}"
Random,Trade 25,22:46:36,2023-04-22,-183.05,0.18,"{'USDT': 999816.9542857157, 'BTC': 0.0, 'ETH': 0.0, 'BNB': 0.0, 'LTC': 0.0, 'AVAX': 0.0}"
Random,Trade 26,23:27:43,2023-04-22,949.37,1132.42,"{'USDT': 1000949.3698860015, 'BTC': 0.0, 'ETH': 0.0, 'BNB': 0.0, 'LTC': 0.0, 'AVAX': 0.0}"
Random,Trade 27,23:58:00,2023-04-22,979.57,30.2,"{'USDT': 1000979.573548343, 'BTC': 0.0, 'ETH': 0.0, 'BNB': 0.0, 'LTC': 0.0, 'AVAX': 0.0}"
Random,Trade 28,00:28:15,2023-04-23,704.9,-274.67,"{'USDT': 1000704.903078186, 'BTC': 0.0, 'ETH': 0.0, 'BNB': 0.0, 'LTC': 0.0, 'AVAX': 0.0}"
Random,Trade 29,00:58:30,2023-04-23,673.52,-31.38,"{'USDT': 1000673.5239802124, 'BTC': 0.0, 'ETH': 0.0, 'BNB': 0.0, 'LTC': 0.0, 'AVAX': 0.0}"
Random,Trade 30,01:28:45,2023-04-23,662.67,-10.86,"{'USDT': 1000662.6650564214, 'BTC': 0.0, 'ETH': 0.0, 'BNB': 0.0, 'LTC': 0.0, 'AVAX': 0.0}"
Random,Trade 31,01:59:02,2023-04-23,693.71,31.05,"{'USDT': 1000693.7118028471, 'BTC': 0.0, 'ETH': 0.0, 'BNB': 0.0, 'LTC': 0.0, 'AVAX': 0.0}"
Random,Trade 32,02:29:17,2023-04-23,656.04,-37.67,"{'USDT': 1000656.0414285819, 'BTC': 0.0, 'ETH': 0.0, 'BNB': 0.0, 'LTC': 0.0, 'AVAX': 0.0}"
Random,Trade 33,02:59:32,2023-04-23,625.78,-30.26,"{'USDT': 1000625.7827034232, 'BTC': 0.0, 'ETH': 0.0, 'BNB': 0.0, 'LTC': 0.0, 'AVAX': 0.0}"
Random,Trade 34,03:29:49,2023-04-23,632.23,6.45,"{'USDT': 1000632.2320083521, 'BTC': 0.0, 'ETH': 0.0, 'BNB': 0.0, 'LTC': 0.0, 'AVAX': 0.0}"
Random,Trade 35,04:00:05,2023-04-23,628.54,-3.7,"{'USDT': 1000628.5357623622, 'BTC': 0.0, 'ETH': 0.0, 'BNB': 0.0, 'LTC': 0.0, 'AVAX': 0.0}"
Random,Trade 36,04:30:20,2023-04-23,628.54,0.0,"{'USDT': 1000628.5357623622, 'BTC': 0.0, 'ETH': 0.0, 'BNB': 0.0, 'LTC': 0.0, 'AVAX': 0.0}"
Random,Trade 37,05:00:35,2023-04-23,595.66,-32.88,"{'USDT': 1000595.656285564, 'BTC': 0.0, 'ETH': 0.0, 'BNB': 0.0, 'LTC': 0.0, 'AVAX': 0.0}"
Random,Trade 38,05:30:51,2023-04-23,428.23,-167.42,"{'USDT': 1000428.2352485411, 'BTC': 0.0, 'ETH': 0.0, 'BNB': 0.0, 'LTC': 0.0, 'AVAX': 0.0}"
Random,Trade 39,06:01:07,2023-04-23,427.16,-1.07,"{'USDT': 1000427.1603341105, 'BTC': 0.0, 'ETH': 0.0, 'BNB': 0.0, 'LTC': 0.0, 'AVAX': 0.0}"
Random,Trade 40,06:31:23,2023-04-23,399.64,-27.52,"{'USDT': 1000399.6435567434, 'BTC': 0.0, 'ETH': 0.0, 'BNB': 0.0, 'LTC': 0.0, 'AVAX': 0.0}"
Random,Trade 41,07:01:39,2023-04-23,428.78,29.13,"{'USDT': 1000428.7758209838, 'BTC': 0.0, 'ETH': 0.0, 'BNB': 0.0, 'LTC': 0.0, 'AVAX': 0.0}"
Random,Trade 42,07:31:54,2023-04-23,370.53,-58.24,"{'USDT': 1000370.5309023388, 'BTC': 0.0, 'ETH': 0.0, 'BNB': 0.0, 'LTC': 0.0, 'AVAX': 0.0}"
Random,Trade 43,08:02:09,2023-04-23,373.75,3.22,"{'USDT': 1000373.7467695436, 'BTC': 0.0, 'ETH': 0.0, 'BNB': 0.0, 'LTC': 0.0, 'AVAX': 0.0}"
Random,Trade 44,08:32:25,2023-04-23,344.02,-29.73,"{'USDT': 1000344.0151675701, 'BTC': 0.0, 'ETH': 0.0, 'BNB': 0.0, 'LTC': 0.0, 'AVAX': 0.0}"
Random,Trade 45,09:02:41,2023-04-23,343.12,-0.89,"{'USDT': 1000343.1250412996, 'BTC': 0.0, 'ETH': 0.0, 'BNB': 0.0, 'LTC': 0.0, 'AVAX': 0.0}"
Random,Trade 46,09:32:56,2023-04-23,346.94,3.82,"{'USDT': 1000346.9438192237, 'BTC': 0.0, 'ETH': 0.0, 'BNB': 0.0, 'LTC': 0.0, 'AVAX': 0.0}"
Random,Trade 47,10:03:13,2023-04-23,194.76,-152.18,"{'USDT': 1000194.7594490363, 'BTC': 0.0, 'ETH': 0.0, 'BNB': 0.0, 'LTC': 0.0, 'AVAX': 0.0}"
Random,Trade 48,10:33:28,2023-04-23,237.54,42.78,"{'USDT': 1000237.5379695997, 'BTC': 0.0, 'ETH': 0.0, 'BNB': 0.0, 'LTC': 0.0, 'AVAX': 0.0}"
Random,Trade 49,11:03:43,2023-04-23,207.38,-30.15,"{'USDT': 1000207.3830845229, 'BTC': 0.0, 'ETH': 0.0, 'BNB': 0.0, 'LTC': 0.0, 'AVAX': 0.0}"
Random,Trade 50,11:33:59,2023-04-23,272.21,64.83,"{'USDT': 1000272.2118055255, 'BTC': 0.0, 'ETH': 0.0, 'BNB': 0.0, 'LTC': 0.0, 'AVAX': 0.0}"
Random,Trade 51,12:04:15,2023-04-23,335.8,63.59,"{'USDT': 1000335.8030115195, 'BTC': 0.0, 'ETH': 0.0, 'BNB': 0.0, 'LTC': 0.0, 'AVAX': 0.0}"
Random,Trade 52,12:34:32,2023-04-23,325.4,-10.41,"{'USDT': 1000325.3976261172, 'BTC': 0.0, 'ETH': 0.0, 'BNB': 0.0, 'LTC': 0.0, 'AVAX': 0.0}"
Random,Trade 53,13:04:47,2023-04-23,325.22,-0.18,"{'USDT': 1000325.2159826629, 'BTC': 0.0, 'ETH': 0.0, 'BNB': 0.0, 'LTC': 0.0, 'AVAX': 0.0}"
Random,Trade 54,13:35:02,2023-04-23,151.04,-174.18,"{'USDT': 1000151.0348487133, 'BTC': 0.0, 'ETH': 0.0, 'BNB': 0.0, 'LTC': 0.0, 'AVAX': 0.0}"
Random,Trade 55,14:05:19,2023-04-23,78.62,-72.42,"{'USDT': 1000078.6170465372, 'BTC': 0.0, 'ETH': 0.0, 'BNB': 0.0, 'LTC': 0.0, 'AVAX': 0.0}"
Random,Trade 56,14:35:34,2023-04-23,90.36,11.74,"{'USDT': 1000090.3597480215, 'BTC': 0.0, 'ETH': 0.0, 'BNB': 0.0, 'LTC': 0.0, 'AVAX': 0.0}"
Random,Trade 57,15:05:49,2023-04-23,136.18,45.82,"{'USDT': 1000136.1820823334, 'BTC': 0.0, 'ETH': 0.0, 'BNB': 0.0, 'LTC': 0.0, 'AVAX': 0.0}"
Random,Trade 58,15:36:05,2023-04-23,87.29,-48.89,"{'USDT': 1000087.289616767, 'BTC': 0.0, 'ETH': 0.0, 'BNB': 0.0, 'LTC': 0.0, 'AVAX': 0.0}"
Random,Trade 59,16:06:20,2023-04-23,-228.0,-315.29,"{'USDT': 999772.0043989356, 'BTC': 0.0, 'ETH': 0.0, 'BNB': 0.0, 'LTC': 0.0, 'AVAX': 0.0}"
Random,Trade 60,16:36:36,2023-04-23,-226.75,1.25,"{'USDT': 999773.251670042, 'BTC': 0.0, 'ETH': 0.0, 'BNB': 0.0, 'LTC': 0.0, 'AVAX': 0.0}"
Random,Trade 61,17:06:51,2023-04-23,-228.19,-1.44,"{'USDT': 999771.8151406834, 'BTC': 0.0, 'ETH': 0.0, 'BNB': 0.0, 'LTC': 0.0, 'AVAX': 0.0}"
Random,Trade 62,17:37:08,2023-04-23,-14.27,213.92,"{'USDT': 999985.7310075292, 'BTC': 0.0, 'ETH': 0.0, 'BNB': 0.0, 'LTC': 0.0, 'AVAX': 0.0}"
Random,Trade 63,18:07:24,2023-04-23,-262.05,-247.78,"{'USDT': 999737.9494816371, 'BTC': 0.0, 'ETH': 0.0, 'BNB': 0.0, 'LTC': 0.0, 'AVAX': 0.0}"
Random,Trade 64,18:37:39,2023-04-23,-325.24,-63.19,"{'USDT': 999674.7611837017, 'BTC': 0.0, 'ETH': 0.0, 'BNB': 0.0, 'LTC': 0.0, 'AVAX': 0.0}"
Random,Trade 65,19:07:56,2023-04-23,-577.16,-251.92,"{'USDT': 999422.8411087813, 'BTC': 0.0, 'ETH': 0.0, 'BNB': 0.0, 'LTC': 0.0, 'AVAX': 0.0}"
Random,Trade 66,19:38:13,2023-04-23,-476.15,101.01,"{'USDT': 999523.8517607708, 'BTC': 0.0, 'ETH': 0.0, 'BNB': 0.0, 'LTC': 0.0, 'AVAX': 0.0}"
Random,Trade 67,20:19:21,2023-04-23,-436.32,39.83,"{'USDT': 999563.6781787189, 'BTC': 0.0, 'ETH': 0.0, 'BNB': 0.0, 'LTC': 0.0, 'AVAX': 0.0}"
Random,Trade 68,20:49:36,2023-04-23,453.3,889.62,"{'USDT': 1000453.297250276, 'BTC': 0.0, 'ETH': 0.0, 'BNB': 0.0, 'LTC': 0.0, 'AVAX': 0.0}"
Random,Trade 69,21:30:43,2023-04-23,227.69,-225.61,"{'USDT': 1000227.6869852223, 'BTC': 0.0, 'ETH': 0.0, 'BNB': 0.0, 'LTC': 0.0, 'AVAX': 0.0}"
Random,Trade 70,22:00:58,2023-04-23,142.26,-85.43,"{'USDT': 1000142.2616404383, 'BTC': 0.0, 'ETH': 0.0, 'BNB': 0.0, 'LTC': 0.0, 'AVAX': 0.0}"
Random,Trade 71,22:42:05,2023-04-23,463.07,320.81,"{'USDT': 1000463.0707411612, 'BTC': 0.0, 'ETH': 0.0, 'BNB': 0.0, 'LTC': 0.0, 'AVAX': 0.0}"
Random,Trade 72,23:12:20,2023-04-23,390.5,-72.57,"{'USDT': 1000390.5018592853, 'BTC': 0.0, 'ETH': 0.0, 'BNB': 0.0, 'LTC': 0.0, 'AVAX': 0.0}"
Random,Trade 73,23:42:34,2023-04-23,444.0,53.5,"{'USDT': 1000444.0000739603, 'BTC': 0.0, 'ETH': 0.0, 'BNB': 0.0, 'LTC': 0.0, 'AVAX': 0.0}"
Random,Trade 74,00:12:50,2023-04-24,413.44,-30.56,"{'USDT': 1000413.4369452777, 'BTC': 0.0, 'ETH': 0.0, 'BNB': 0.0, 'LTC': 0.0, 'AVAX': 0.0}"
Random,Trade 75,00:43:06,2023-04-24,473.63,60.2,"{'USDT': 1000473.6332178041, 'BTC': 0.0, 'ETH': 0.0, 'BNB': 0.0, 'LTC': 0.0, 'AVAX': 0.0}"
Random,Trade 76,01:13:22,2023-04-24,459.84,-13.8,"{'USDT': 1000459.8378168403, 'BTC': 0.0, 'ETH': 0.0, 'BNB': 0.0, 'LTC': 0.0, 'AVAX': 0.0}"
Random,Trade 77,01:43:38,2023-04-24,366.13,-93.7,"{'USDT': 1000366.1329665147, 'BTC': 0.0, 'ETH': 0.0, 'BNB': 0.0, 'LTC': 0.0, 'AVAX': 0.0}"
Random,Trade 78,02:24:44,2023-04-24,347.46,-18.67,"{'USDT': 1000347.4648808576, 'BTC': 0.0, 'ETH': 0.0, 'BNB': 0.0, 'LTC': 0.0, 'AVAX': 0.0}"
Random,Trade 79,02:55:01,2023-04-24,409.47,62.01,"{'USDT': 1000409.4741694308, 'BTC': 0.0, 'ETH': 0.0, 'BNB': 0.0, 'LTC': 0.0, 'AVAX': 0.0}"
Random,Trade 80,03:25:16,2023-04-24,508.33,98.86,"{'USDT': 1000508.3291915385, 'BTC': 0.0, 'ETH': 0.0, 'BNB': 0.0, 'LTC': 0.0, 'AVAX': 0.0}"
Random,Trade 81,03:55:33,2023-04-24,644.54,136.21,"{'USDT': 1000644.5398245936, 'BTC': 0.0, 'ETH': 0.0, 'BNB': 0.0, 'LTC': 0.0, 'AVAX': 0.0}"
Random,Trade 82,04:25:48,2023-04-24,627.06,-17.48,"{'USDT': 1000627.0552874778, 'BTC': 0.0, 'ETH': 0.0, 'BNB': 0.0, 'LTC': 0.0, 'AVAX': 0.0}"
Random,Trade 83,04:56:03,2023-04-24,799.22,172.17,"{'USDT': 1000799.2226304779, 'BTC': 0.0, 'ETH': 0.0, 'BNB': 0.0, 'LTC': 0.0, 'AVAX': 0.0}"
Random,Trade 84,05:26:18,2023-04-24,999.39,200.17,"{'USDT': 1000999.3886657113, 'BTC': 0.0, 'ETH': 0.0, 'BNB': 0.0, 'LTC': 0.0, 'AVAX': 0.0}"
Random,Trade 85,05:56:35,2023-04-24,1010.35,10.97,"{'USDT': 1001010.3554267972, 'BTC': 0.0, 'ETH': 0.0, 'BNB': 0.0, 'LTC': 0.0, 'AVAX': 0.0}"
Random,Trade 86,06:26:50,2023-04-24,1022.86,12.51,"{'USDT': 1001022.8627978787, 'BTC': 0.0, 'ETH': 0.0, 'BNB': 0.0, 'LTC': 0.0, 'AVAX': 0.0}"
Random,Trade 87,06:57:05,2023-04-24,1227.86,205.0,"{'USDT': 1001227.8589214946, 'BTC': 0.0, 'ETH': 0.0, 'BNB': 0.0, 'LTC': 0.0, 'AVAX': 0.0}"
Random,Trade 88,07:27:20,2023-04-24,1135.05,-92.81,"{'USDT': 1001135.0516897517, 'BTC': 0.0, 'ETH': 0.0, 'BNB': 0.0, 'LTC': 0.0, 'AVAX': 0.0}"
Random,Trade 89,07:57:37,2023-04-24,1061.66,-73.4,"{'USDT': 1001061.6553230628, 'BTC': 0.0, 'ETH': 0.0, 'BNB': 0.0, 'LTC': 0.0, 'AVAX': 0.0}"
Random,Trade 90,08:27:52,2023-04-24,1038.83,-22.82,"{'USDT': 1001038.8339015424, 'BTC': 0.0, 'ETH': 0.0, 'BNB': 0.0, 'LTC': 0.0, 'AVAX': 0.0}"
Random,Trade 91,08:58:06,2023-04-24,1014.11,-24.72,"{'USDT': 1001014.115235615, 'BTC': 0.0, 'ETH': 0.0, 'BNB': 0.0, 'LTC': 0.0, 'AVAX': 0.0}"
Random,Trade 92,09:28:22,2023-04-24,1145.29,131.17,"{'USDT': 1001145.287810125, 'BTC': 0.0, 'ETH': 0.0, 'BNB': 0.0, 'LTC': 0.0, 'AVAX': 0.0}"
Random,Trade 93,09:58:37,2023-04-24,753.3,-391.99,"{'USDT': 1000753.2977345893, 'BTC': 0.0, 'ETH': 0.0, 'BNB': 0.0, 'LTC': 0.0, 'AVAX': 0.0}"
Random,Trade 94,10:28:52,2023-04-24,843.24,89.94,"{'USDT': 1000843.239616974, 'BTC': 0.0, 'ETH': 0.0, 'BNB': 0.0, 'LTC': 0.0, 'AVAX': 0.0}"
Random,Trade 95,10:59:09,2023-04-24,972.94,129.7,"{'USDT': 1000972.9388282457, 'BTC': 0.0, 'ETH': 0.0, 'BNB': 0.0, 'LTC': 0.0, 'AVAX': 0.0}"
Random,Trade 96,11:29:24,2023-04-24,817.74,-155.19,"{'USDT': 1000817.7448095892, 'BTC': 0.0, 'ETH': 0.0, 'BNB': 0.0, 'LTC': 0.0, 'AVAX': 0.0}"
Random,Trade 97,11:59:39,2023-04-24,729.16,-88.59,"{'USDT': 1000729.1559748494, 'BTC': 0.0, 'ETH': 0.0, 'BNB': 0.0, 'LTC': 0.0, 'AVAX': 0.0}"
Random,Trade 98,12:29:53,2023-04-24,707.52,-21.64,"{'USDT': 1000707.5162900339, 'BTC': 0.0, 'ETH': 0.0, 'BNB': 0.0, 'LTC': 0.0, 'AVAX': 0.0}"
Random,Trade 99,13:00:11,2023-04-24,956.01,248.49,"{'USDT': 1000956.0065255897, 'BTC': 0.0, 'ETH': 0.0, 'BNB': 0.0, 'LTC': 0.0, 'AVAX': 0.0}"
Random,Trade 100,13:30:26,2023-04-24,956.19,0.18,"{'USDT': 1000956.1891686637, 'BTC': 0.0, 'ETH': 0.0, 'BNB': 0.0, 'LTC': 0.0, 'AVAX': 0.0}"
Random,Trade 101,14:00:41,2023-04-24,683.93,-272.26,"{'USDT': 1000683.9309511429, 'BTC': 0.0, 'ETH': 0.0, 'BNB': 0.0, 'LTC': 0.0, 'AVAX': 0.0}"
Random,Trade 102,14:30:57,2023-04-24,725.94,42.01,"{'USDT': 1000725.9452750555, 'BTC': 0.0, 'ETH': 0.0, 'BNB': 0.0, 'LTC': 0.0, 'AVAX': 0.0}"
Random,Trade 103,15:01:13,2023-04-24,786.18,60.24,"{'USDT': 1000786.1809069176, 'BTC': 0.0, 'ETH': 0.0, 'BNB': 0.0, 'LTC': 0.0, 'AVAX': 0.0}"
Random,Trade 104,15:31:30,2023-04-24,652.04,-134.14,"{'USDT': 1000652.0368420503, 'BTC': 0.0, 'ETH': 0.0, 'BNB': 0.0, 'LTC': 0.0, 'AVAX': 0.0}"
Random,Trade 105,16:01:46,2023-04-24,642.98,-9.06,"{'USDT': 1000642.9755979681, 'BTC': 0.0, 'ETH': 0.0, 'BNB': 0.0, 'LTC': 0.0, 'AVAX': 0.0}"
Random,Trade 106,16:32:01,2023-04-24,823.32,180.34,"{'USDT': 1000823.3198783883, 'BTC': 0.0, 'ETH': 0.0, 'BNB': 0.0, 'LTC': 0.0, 'AVAX': 0.0}"
Random,Trade 107,17:02:18,2023-04-24,771.45,-51.87,"{'USDT': 1000771.4487281705, 'BTC': 0.0, 'ETH': 0.0, 'BNB': 0.0, 'LTC': 0.0, 'AVAX': 0.0}"
Random,Trade 108,17:32:34,2023-04-24,1117.39,345.94,"{'USDT': 1001117.392170195, 'BTC': 0.0, 'ETH': 0.0, 'BNB': 0.0, 'LTC': 0.0, 'AVAX': 0.0}"
Random,Trade 109,18:02:52,2023-04-24,1649.24,531.85,"{'USDT': 1001649.2417810995, 'BTC': 0.0, 'ETH': 0.0, 'BNB': 0.0, 'LTC': 0.0, 'AVAX': 0.0}"
Random,Trade 110,18:33:09,2023-04-24,1940.31,291.06,"{'USDT': 1001940.3060608975, 'BTC': 0.0, 'ETH': 0.0, 'BNB': 0.0, 'LTC': 0.0, 'AVAX': 0.0}"
Random,Trade 111,19:03:26,2023-04-24,2930.92,990.61,"{'USDT': 1002930.9191797562, 'BTC': 0.0, 'ETH': 0.0, 'BNB': 0.0, 'LTC': 0.0, 'AVAX': 0.0}"
Random,Trade 112,19:33:44,2023-04-24,3002.13,71.21,"{'USDT': 1003002.1316169618, 'BTC': 0.0, 'ETH': 0.0, 'BNB': 0.0, 'LTC': 0.0, 'AVAX': 0.0}"
Random,Trade 113,20:04:01,2023-04-24,3026.04,23.9,"{'USDT': 1003026.0364998704, 'BTC': 0.0, 'ETH': 0.0, 'BNB': 0.0, 'LTC': 0.0, 'AVAX': 0.0}"
Random,Trade 114,20:45:08,2023-04-24,2770.17,-255.87,"{'USDT': 1002770.1707348439, 'BTC': 0.0, 'ETH': 0.0, 'BNB': 0.0, 'LTC': 0.0, 'AVAX': 0.0}"
Random,Trade 115,21:15:26,2023-04-24,2653.98,-116.19,"{'USDT': 1002653.977209718, 'BTC': 0.0, 'ETH': 0.0, 'BNB': 0.0, 'LTC': 0.0, 'AVAX': 0.0}"
Random,Trade 116,21:45:40,2023-04-24,2447.8,-206.18,"{'USDT': 1002447.7995730811, 'BTC': 0.0, 'ETH': 0.0, 'BNB': 0.0, 'LTC': 0.0, 'AVAX': 0.0}"
Random,Trade 117,22:15:57,2023-04-24,2380.35,-67.45,"{'USDT': 1002380.3456901802, 'BTC': 0.0, 'ETH': 0.0, 'BNB': 0.0, 'LTC': 0.0, 'AVAX': 0.0}"
Random,Trade 118,22:57:04,2023-04-24,2972.06,591.72,"{'USDT': 1002972.0616126221, 'BTC': 0.0, 'ETH': 0.0, 'BNB': 0.0, 'LTC': 0.0, 'AVAX': 0.0}"
Random,Trade 119,23:27:19,2023-04-24,2822.97,-149.1,"{'USDT': 1002822.9655322909, 'BTC': 0.0, 'ETH': 0.0, 'BNB': 0.0, 'LTC': 0.0, 'AVAX': 0.0}"
Random,Trade 120,23:57:37,2023-04-24,2837.67,14.71,"{'USDT': 1002837.6722152246, 'BTC': 0.0, 'ETH': 0.0, 'BNB': 0.0, 'LTC': 0.0, 'AVAX': 0.0}"
Random,Trade 121,00:27:53,2023-04-25,3000.97,163.3,"{'USDT': 1003000.9717354162, 'BTC': 0.0, 'ETH': 0.0, 'BNB': 0.0, 'LTC': 0.0, 'AVAX': 0.0}"
Random,Trade 122,00:58:08,2023-04-25,2964.15,-36.82,"{'USDT': 1002964.152578142, 'BTC': 0.0, 'ETH': 0.0, 'BNB': 0.0, 'LTC': 0.0, 'AVAX': 0.0}"
Random,Trade 123,01:28:26,2023-04-25,3293.18,329.03,"{'USDT': 1003293.1832399769, 'BTC': 0.0, 'ETH': 0.0, 'BNB': 0.0, 'LTC': 0.0, 'AVAX': 0.0}"
Random,Trade 124,01:58:42,2023-04-25,3201.2,-91.98,"{'USDT': 1003201.1986604297, 'BTC': 0.0, 'ETH': 0.0, 'BNB': 0.0, 'LTC': 0.0, 'AVAX': 0.0}"
Random,Trade 125,02:28:59,2023-04-25,2850.48,-350.72,"{'USDT': 1002850.477707984, 'BTC': 0.0, 'ETH': 0.0, 'BNB': 0.0, 'LTC': 0.0, 'AVAX': 0.0}"
Random,Trade 126,02:59:16,2023-04-25,2850.3,-0.18,"{'USDT': 1002850.295116503, 'BTC': 0.0, 'ETH': 0.0, 'BNB': 0.0, 'LTC': 0.0, 'AVAX': 0.0}"
Random,Trade 127,03:29:32,2023-04-25,2911.67,61.37,"{'USDT': 1002911.667774885, 'BTC': 0.0, 'ETH': 0.0, 'BNB': 0.0, 'LTC': 0.0, 'AVAX': 0.0}"
Random,Trade 128,03:59:47,2023-04-25,2981.41,69.74,"{'USDT': 1002981.4078502826, 'BTC': 0.0, 'ETH': 0.0, 'BNB': 0.0, 'LTC': 0.0, 'AVAX': 0.0}"
Random,Trade 129,04:30:03,2023-04-25,3006.16,24.75,"{'USDT': 1003006.1559873025, 'BTC': 0.0, 'ETH': 0.0, 'BNB': 0.0, 'LTC': 0.0, 'AVAX': 0.0}"
Random,Trade 130,05:00:20,2023-04-25,2978.43,-27.73,"{'USDT': 1002978.4285322089, 'BTC': 0.0, 'ETH': 0.0, 'BNB': 0.0, 'LTC': 0.0, 'AVAX': 0.0}"
Random,Trade 131,05:30:37,2023-04-25,2921.24,-57.18,"{'USDT': 1002921.2451074986, 'BTC': 0.0, 'ETH': 0.0, 'BNB': 0.0, 'LTC': 0.0, 'AVAX': 0.0}"
Random,Trade 132,06:00:55,2023-04-25,2906.81,-14.44,"{'USDT': 1002906.8089070264, 'BTC': 0.0, 'ETH': 0.0, 'BNB': 0.0, 'LTC': 0.0, 'AVAX': 0.0}"
Random,Trade 133,06:31:11,2023-04-25,2774.49,-132.32,"{'USDT': 1002774.4903778739, 'BTC': 0.0, 'ETH': 0.0, 'BNB': 0.0, 'LTC': 0.0, 'AVAX': 0.0}"
Random,Trade 134,07:01:28,2023-04-25,2744.36,-30.13,"{'USDT': 1002744.3596424635, 'BTC': 0.0, 'ETH': 0.0, 'BNB': 0.0, 'LTC': 0.0, 'AVAX': 0.0}"
Random,Trade 135,07:31:44,2023-04-25,2773.38,29.02,"{'USDT': 1002773.3777362542, 'BTC': 0.0, 'ETH': 0.0, 'BNB': 0.0, 'LTC': 0.0, 'AVAX': 0.0}"
Random,Trade 136,08:02:00,2023-04-25,2749.32,-24.05,"{'USDT': 1002749.3232390744, 'BTC': 0.0, 'ETH': 0.0, 'BNB': 0.0, 'LTC': 0.0, 'AVAX': 0.0}"
Random,Trade 137,08:32:16,2023-04-25,2818.88,69.56,"{'USDT': 1002818.8818588313, 'BTC': 0.0, 'ETH': 0.0, 'BNB': 0.0, 'LTC': 0.0, 'AVAX': 0.0}"
Random,Trade 138,09:02:33,2023-04-25,2810.65,-8.23,"{'USDT': 1002810.6540816647, 'BTC': 0.0, 'ETH': 0.0, 'BNB': 0.0, 'LTC': 0.0, 'AVAX': 0.0}"
Random,Trade 139,09:32:49,2023-04-25,2780.42,-30.24,"{'USDT': 1002780.416129685, 'BTC': 0.0, 'ETH': 0.0, 'BNB': 0.0, 'LTC': 0.0, 'AVAX': 0.0}"
Random,Trade 140,10:03:07,2023-04-25,2943.95,163.53,"{'USDT': 1002943.946268674, 'BTC': 0.0, 'ETH': 0.0, 'BNB': 0.0, 'LTC': 0.0, 'AVAX': 0.0}"
Random,Trade 141,10:33:23,2023-04-25,3002.35,58.41,"{'USDT': 1003002.3528562404, 'BTC': 0.0, 'ETH': 0.0, 'BNB': 0.0, 'LTC': 0.0, 'AVAX': 0.0}"
Random,Trade 142,11:03:40,2023-04-25,3355.95,353.6,"{'USDT': 1003355.9485511626, 'BTC': 0.0, 'ETH': 0.0, 'BNB': 0.0, 'LTC': 0.0, 'AVAX': 0.0}"
Random,Trade 143,11:33:56,2023-04-25,3075.42,-280.53,"{'USDT': 1003075.4183044094, 'BTC': 0.0, 'ETH': 0.0, 'BNB': 0.0, 'LTC': 0.0, 'AVAX': 0.0}"
Random,Trade 144,12:04:11,2023-04-25,3045.16,-30.26,"{'USDT': 1003045.1595790398, 'BTC': 0.0, 'ETH': 0.0, 'BNB': 0.0, 'LTC': 0.0, 'AVAX': 0.0}"
Random,Trade 145,12:34:27,2023-04-25,3041.48,-3.68,"{'USDT': 1003041.480580701, 'BTC': 0.0, 'ETH': 0.0, 'BNB': 0.0, 'LTC': 0.0, 'AVAX': 0.0}"
Random,Trade 146,13:04:44,2023-04-25,3113.03,71.55,"{'USDT': 1003113.0330729333, 'BTC': 0.0, 'ETH': 0.0, 'BNB': 0.0, 'LTC': 0.0, 'AVAX': 0.0}"
Random,Trade 147,13:35:01,2023-04-25,3131.29,18.26,"{'USDT': 1003131.2895386567, 'BTC': 0.0, 'ETH': 0.0, 'BNB': 0.0, 'LTC': 0.0, 'AVAX': 0.0}"
Random,Trade 148,14:05:17,2023-04-25,3097.46,-33.83,"{'USDT': 1003097.4556268224, 'BTC': 0.0, 'ETH': 0.0, 'BNB': 0.0, 'LTC': 0.0, 'AVAX': 0.0}"
Random,Trade 149,14:35:33,2023-04-25,3042.55,-54.9,"{'USDT': 1003042.5527338849, 'BTC': 0.0, 'ETH': 0.0, 'BNB': 0.0, 'LTC': 0.0, 'AVAX': 0.0}"
Random,Trade 150,15:05:50,2023-04-25,3047.09,4.54,"{'USDT': 1003047.0925140996, 'BTC': 0.0, 'ETH': 0.0, 'BNB': 0.0, 'LTC': 0.0, 'AVAX': 0.0}"
Random,Trade 151,15:36:07,2023-04-25,2380.73,-666.36,"{'USDT': 1002380.731076005, 'BTC': 0.0, 'ETH': 0.0, 'BNB': 0.0, 'LTC': 0.0, 'AVAX': 0.0}"
Random,Trade 152,16:06:25,2023-04-25,2478.26,97.53,"{'USDT': 1002478.2626037531, 'BTC': 0.0, 'ETH': 0.0, 'BNB': 0.0, 'LTC': 0.0, 'AVAX': 0.0}"
Random,Trade 153,16:36:43,2023-04-25,3078.51,600.25,"{'USDT': 1003078.5134056383, 'BTC': 0.0, 'ETH': 0.0, 'BNB': 0.0, 'LTC': 0.0, 'AVAX': 0.0}"
Random,Trade 154,17:06:59,2023-04-25,3251.99,173.47,"{'USDT': 1003251.9880260674, 'BTC': 0.0, 'ETH': 0.0, 'BNB': 0.0, 'LTC': 0.0, 'AVAX': 0.0}"
Random,Trade 155,17:37:15,2023-04-25,3096.03,-155.96,"{'USDT': 1003096.028668265, 'BTC': 0.0, 'ETH': 0.0, 'BNB': 0.0, 'LTC': 0.0, 'AVAX': 0.0}"
Random,Trade 156,18:07:31,2023-04-25,3170.48,74.45,"{'USDT': 1003170.4779378525, 'BTC': 0.0, 'ETH': 0.0, 'BNB': 0.0, 'LTC': 0.0, 'AVAX': 0.0}"
Random,Trade 157,18:37:47,2023-04-25,3313.85,143.37,"{'USDT': 1003313.8521500288, 'BTC': 0.0, 'ETH': 0.0, 'BNB': 0.0, 'LTC': 0.0, 'AVAX': 0.0}"
Random,Trade 158,19:18:57,2023-04-25,2941.23,-372.63,"{'USDT': 1002941.2256252603, 'BTC': 0.0, 'ETH': 0.0, 'BNB': 0.0, 'LTC': 0.0, 'AVAX': 0.0}"
Random,Trade 159,19:49:15,2023-04-25,3067.04,125.81,"{'USDT': 1003067.0400959739, 'BTC': 0.0, 'ETH': 0.0, 'BNB': 0.0, 'LTC': 0.0, 'AVAX': 0.0}"
Random,Trade 160,20:19:31,2023-04-25,3007.23,-59.81,"{'USDT': 1003007.2343882351, 'BTC': 0.0, 'ETH': 0.0, 'BNB': 0.0, 'LTC': 0.0, 'AVAX': 0.0}"
Random,Trade 161,20:49:48,2023-04-25,2761.51,-245.72,"{'USDT': 1002761.5094950286, 'BTC': 0.0, 'ETH': 0.0, 'BNB': 0.0, 'LTC': 0.0, 'AVAX': 0.0}"
Random,Trade 162,21:30:56,2023-04-25,1821.31,-940.2,"{'USDT': 1001821.313742815, 'BTC': 0.0, 'ETH': 0.0, 'BNB': 0.0, 'LTC': 0.0, 'AVAX': 0.0}"
Random,Trade 163,22:01:12,2023-04-25,2268.69,447.37,"{'USDT': 1002268.6885993016, 'BTC': 0.0, 'ETH': 0.0, 'BNB': 0.0, 'LTC': 0.0, 'AVAX': 0.0}"
Random,Trade 164,22:31:27,2023-04-25,2381.73,113.04,"{'USDT': 1002381.7319829732, 'BTC': 0.0, 'ETH': 0.0, 'BNB': 0.0, 'LTC': 0.0, 'AVAX': 0.0}"
Random,Trade 165,23:01:43,2023-04-25,2242.35,-139.38,"{'USDT': 1002242.3553542558, 'BTC': 0.0, 'ETH': 0.0, 'BNB': 0.0, 'LTC': 0.0, 'AVAX': 0.0}"
Random,Trade 166,23:31:59,2023-04-25,2151.95,-90.4,"{'USDT': 1002151.9511524129, 'BTC': 0.0, 'ETH': 0.0, 'BNB': 0.0, 'LTC': 0.0, 'AVAX': 0.0}"
Random,Trade 167,00:02:16,2023-04-26,1922.14,-229.81,"{'USDT': 1001922.1404274411, 'BTC': 0.0, 'ETH': 0.0, 'BNB': 0.0, 'LTC': 0.0, 'AVAX': 0.0}"
Random,Trade 168,00:32:34,2023-04-26,1809.69,-112.45,"{'USDT': 1001809.6936677962, 'BTC': 0.0, 'ETH': 0.0, 'BNB': 0.0, 'LTC': 0.0, 'AVAX': 0.0}"
Random,Trade 169,01:02:51,2023-04-26,1889.79,80.09,"{'USDT': 1001889.7861009627, 'BTC': 0.0, 'ETH': 0.0, 'BNB': 0.0, 'LTC': 0.0, 'AVAX': 0.0}"
Random,Trade 170,01:33:08,2023-04-26,1918.23,28.45,"{'USDT': 1001918.2337028095, 'BTC': 0.0, 'ETH': 0.0, 'BNB': 0.0, 'LTC': 0.0, 'AVAX': 0.0}"
Random,Trade 171,02:03:23,2023-04-26,1663.2,-255.04,"{'USDT': 1001663.195736733, 'BTC': 0.0, 'ETH': 0.0, 'BNB': 0.0, 'LTC': 0.0, 'AVAX': 0.0}"
Random,Trade 172,02:33:40,2023-04-26,1454.33,-208.86,"{'USDT': 1001454.3338912687, 'BTC': 0.0, 'ETH': 0.0, 'BNB': 0.0, 'LTC': 0.0, 'AVAX': 0.0}"
Random,Trade 173,03:03:58,2023-04-26,1571.33,116.99,"{'USDT': 1001571.3283838908, 'BTC': 0.0, 'ETH': 0.0, 'BNB': 0.0, 'LTC': 0.0, 'AVAX': 0.0}"
Random,Trade 174,03:34:22,2023-04-26,1834.41,263.08,"{'USDT': 1001834.4069563277, 'BTC': 0.0, 'ETH': 0.0, 'BNB': 0.0, 'LTC': 0.0, 'AVAX': 0.0}"
Random,Trade 175,04:04:37,2023-04-26,1720.63,-113.78,"{'USDT': 1001720.6275772613, 'BTC': 0.0, 'ETH': 0.0, 'BNB': 0.0, 'LTC': 0.0, 'AVAX': 0.0}"
Random,Trade 176,04:34:53,2023-04-26,1961.99,241.37,"{'USDT': 1001961.9946524153, 'BTC': 0.0, 'ETH': 0.0, 'BNB': 0.0, 'LTC': 0.0, 'AVAX': 0.0}"
Random,Trade 177,05:05:10,2023-04-26,1895.36,-66.63,"{'USDT': 1001895.3608820505, 'BTC': 0.0, 'ETH': 0.0, 'BNB': 0.0, 'LTC': 0.0, 'AVAX': 0.0}"
Random,Trade 178,05:35:28,2023-04-26,1884.17,-11.19,"{'USDT': 1001884.1718834913, 'BTC': 0.0, 'ETH': 0.0, 'BNB': 0.0, 'LTC': 0.0, 'AVAX': 0.0}"
Random,Trade 179,06:05:44,2023-04-26,1847.11,-37.06,"{'USDT': 1001847.1092847796, 'BTC': 0.0, 'ETH': 0.0, 'BNB': 0.0, 'LTC': 0.0, 'AVAX': 0.0}"
Random,Trade 180,06:36:02,2023-04-26,1806.36,-40.75,"{'USDT': 1001806.3607310525, 'BTC': 0.0, 'ETH': 0.0, 'BNB': 0.0, 'LTC': 0.0, 'AVAX': 0.0}"
Random,Trade 181,07:06:19,2023-04-26,1865.62,59.26,"{'USDT': 1001865.6189174165, 'BTC': 0.0, 'ETH': 0.0, 'BNB': 0.0, 'LTC': 0.0, 'AVAX': 0.0}"
Random,Trade 182,07:36:35,2023-04-26,1825.04,-40.58,"{'USDT': 1001825.0345075006, 'BTC': 0.0, 'ETH': 0.0, 'BNB': 0.0, 'LTC': 0.0, 'AVAX': 0.0}"
Random,Trade 183,08:06:52,2023-04-26,1798.6,-26.43,"{'USDT': 1001798.6016261083, 'BTC': 0.0, 'ETH': 0.0, 'BNB': 0.0, 'LTC': 0.0, 'AVAX': 0.0}"
Random,Trade 184,08:37:08,2023-04-26,1958.06,159.45,"{'USDT': 1001958.0546405242, 'BTC': 0.0, 'ETH': 0.0, 'BNB': 0.0, 'LTC': 0.0, 'AVAX': 0.0}"
Random,Trade 185,09:07:24,2023-04-26,1985.42,27.36,"{'USDT': 1001985.4188260637, 'BTC': 0.0, 'ETH': 0.0, 'BNB': 0.0, 'LTC': 0.0, 'AVAX': 0.0}"
Random,Trade 186,09:37:40,2023-04-26,1917.06,-68.36,"{'USDT': 1001917.062659288, 'BTC': 0.0, 'ETH': 0.0, 'BNB': 0.0, 'LTC': 0.0, 'AVAX': 0.0}"
Random,Trade 187,10:07:55,2023-04-26,1905.94,-11.12,"{'USDT': 1001905.9388992904, 'BTC': 0.0, 'ETH': 0.0, 'BNB': 0.0, 'LTC': 0.0, 'AVAX': 0.0}"
Random,Trade 188,10:38:10,2023-04-26,1694.45,-211.49,"{'USDT': 1001694.45189614, 'BTC': 0.0, 'ETH': 0.0, 'BNB': 0.0, 'LTC': 0.0, 'AVAX': 0.0}"
Random,Trade 189,11:08:25,2023-04-26,1478.42,-216.04,"{'USDT': 1001478.416858515, 'BTC': 0.0, 'ETH': 0.0, 'BNB': 0.0, 'LTC': 0.0, 'AVAX': 0.0}"
Random,Trade 190,11:38:41,2023-04-26,1753.78,275.37,"{'USDT': 1001753.7837255565, 'BTC': 0.0, 'ETH': 0.0, 'BNB': 0.0, 'LTC': 0.0, 'AVAX': 0.0}"
Random,Trade 191,12:08:56,2023-04-26,1717.84,-35.94,"{'USDT': 1001717.839867138, 'BTC': 0.0, 'ETH': 0.0, 'BNB': 0.0, 'LTC': 0.0, 'AVAX': 0.0}"
Random,Trade 192,12:39:12,2023-04-26,2362.57,644.73,"{'USDT': 1002362.5729845272, 'BTC': 0.0, 'ETH': 0.0, 'BNB': 0.0, 'LTC': 0.0, 'AVAX': 0.0}"
Random,Trade 193,13:09:27,2023-04-26,2059.54,-303.03,"{'USDT': 1002059.540842499, 'BTC': 0.0, 'ETH': 0.0, 'BNB': 0.0, 'LTC': 0.0, 'AVAX': 0.0}"
Random,Trade 194,13:39:42,2023-04-26,2028.67,-30.87,"{'USDT': 1002028.6689145509, 'BTC': 0.0, 'ETH': 0.0, 'BNB': 0.0, 'LTC': 0.0, 'AVAX': 0.0}"
Random,Trade 195,14:09:58,2023-04-26,1867.6,-161.07,"{'USDT': 1001867.6010927558, 'BTC': 0.0, 'ETH': 0.0, 'BNB': 0.0, 'LTC': 0.0, 'AVAX': 0.0}"
Random,Trade 196,14:40:15,2023-04-26,2710.51,842.91,"{'USDT': 1002710.5132962246, 'BTC': 0.0, 'ETH': 0.0, 'BNB': 0.0, 'LTC': 0.0, 'AVAX': 0.0}"
Random,Trade 197,15:10:32,2023-04-26,2718.33,7.82,"{'USDT': 1002718.3310404278, 'BTC': 0.0, 'ETH': 0.0, 'BNB': 0.0, 'LTC': 0.0, 'AVAX': 0.0}"
Random,Trade 198,15:40:50,2023-04-26,2411.47,-306.86,"{'USDT': 1002411.467637807, 'BTC': 0.0, 'ETH': 0.0, 'BNB': 0.0, 'LTC': 0.0, 'AVAX': 0.0}"
Random,Trade 199,16:11:06,2023-04-26,2308.25,-103.22,"{'USDT': 1002308.2487509022, 'BTC': 0.0, 'ETH': 0.0, 'BNB': 0.0, 'LTC': 0.0, 'AVAX': 0.0}"
Random,Trade 200,16:41:22,2023-04-26,2330.81,22.56,"{'USDT': 1002330.8076590148, 'BTC': 0.0, 'ETH': 0.0, 'BNB': 0.0, 'LTC': 0.0, 'AVAX': 0.0}"
Random,Trade 201,17:11:39,2023-04-26,2237.57,-93.24,"{'USDT': 1002237.5699913999, 'BTC': 0.0, 'ETH': 0.0, 'BNB': 0.0, 'LTC': 0.0, 'AVAX': 0.0}"
Random,Trade 202,17:41:55,2023-04-26,2387.65,150.08,"{'USDT': 1002387.6494812963, 'BTC': 0.0, 'ETH': 0.0, 'BNB': 0.0, 'LTC': 0.0, 'AVAX': 0.0}"
Random,Trade 203,18:12:12,2023-04-26,2285.17,-102.48,"{'USDT': 1002285.171597625, 'BTC': 0.0, 'ETH': 0.0, 'BNB': 0.0, 'LTC': 0.0, 'AVAX': 0.0}"
Random,Trade 204,18:42:27,2023-04-26,2108.12,-177.05,"{'USDT': 1002108.1175177429, 'BTC': 0.0, 'ETH': 0.0, 'BNB': 0.0, 'LTC': 0.0, 'AVAX': 0.0}"
Random,Trade 205,19:12:42,2023-04-26,2187.44,79.32,"{'USDT': 1002187.4387647173, 'BTC': 0.0, 'ETH': 0.0, 'BNB': 0.0, 'LTC': 0.0, 'AVAX': 0.0}"
Random,Trade 206,19:42:59,2023-04-26,2308.13,120.69,"{'USDT': 1002308.1301423842, 'BTC': 0.0, 'ETH': 0.0, 'BNB': 0.0, 'LTC': 0.0, 'AVAX': 0.0}"
Random,Trade 207,20:13:16,2023-04-26,2203.2,-104.93,"{'USDT': 1002203.1955189075, 'BTC': 0.0, 'ETH': 0.0, 'BNB': 0.0, 'LTC': 0.0, 'AVAX': 0.0}"
Random,Trade 208,20:43:33,2023-04-26,2192.52,-10.67,"{'USDT': 1002192.5211452214, 'BTC': 0.0, 'ETH': 0.0, 'BNB': 0.0, 'LTC': 0.0, 'AVAX': 0.0}"
Random,Trade 209,21:13:48,2023-04-26,2054.99,-137.53,"{'USDT': 1002054.9922365614, 'BTC': 0.0, 'ETH': 0.0, 'BNB': 0.0, 'LTC': 0.0, 'AVAX': 0.0}"
Random,Trade 210,21:44:06,2023-04-26,2278.37,223.38,"{'USDT': 1002278.373681335, 'BTC': 0.0, 'ETH': 0.0, 'BNB': 0.0, 'LTC': 0.0, 'AVAX': 0.0}"
Random,Trade 211,22:14:23,2023-04-26,2005.62,-272.76,"{'USDT': 1002005.6172987447, 'BTC': 0.0, 'ETH': 0.0, 'BNB': 0.0, 'LTC': 0.0, 'AVAX': 0.0}"
Random,Trade 212,22:44:44,2023-04-26,1557.86,-447.76,"{'USDT': 1001557.8561702529, 'BTC': 0.0, 'ETH': 0.0, 'BNB': 0.0, 'LTC': 0.0, 'AVAX': 0.0}"
Random,Trade 213,23:15:02,2023-04-26,658.44,-899.41,"{'USDT': 1000658.4437600888, 'BTC': 0.0, 'ETH': 0.0, 'BNB': 0.0, 'LTC': 0.0, 'AVAX': 0.0}"
Random,Trade 214,23:45:18,2023-04-26,1036.73,378.28,"{'USDT': 1001036.7265832259, 'BTC': 0.0, 'ETH': 0.0, 'BNB': 0.0, 'LTC': 0.0, 'AVAX': 0.0}"
Random,Trade 215,00:15:36,2023-04-27,1477.21,440.48,"{'USDT': 1001477.2104238549, 'BTC': 0.0, 'ETH': 0.0, 'BNB': 0.0, 'LTC': 0.0, 'AVAX': 0.0}"
Random,Trade 216,00:45:51,2023-04-27,1895.27,418.06,"{'USDT': 1001895.274178225, 'BTC': 0.0, 'ETH': 0.0, 'BNB': 0.0, 'LTC': 0.0, 'AVAX': 0.0}"
Random,Trade 217,01:16:08,2023-04-27,2135.19,239.91,"{'USDT': 1002135.1860968047, 'BTC': 0.0, 'ETH': 0.0, 'BNB': 0.0, 'LTC': 0.0, 'AVAX': 0.0}"
Random,Trade 218,01:46:24,2023-04-27,2249.52,114.33,"{'USDT': 1002249.5164426574, 'BTC': 0.0, 'ETH': 0.0, 'BNB': 0.0, 'LTC': 0.0, 'AVAX': 0.0}"
Random,Trade 219,02:16:40,2023-04-27,1548.52,-700.99,"{'USDT': 1001548.5217457961, 'BTC': 0.0, 'ETH': 0.0, 'BNB': 0.0, 'LTC': 0.0, 'AVAX': 0.0}"
Random,Trade 220,02:46:56,2023-04-27,2031.01,482.49,"{'USDT': 1002031.0086403161, 'BTC': 0.0, 'ETH': 0.0, 'BNB': 0.0, 'LTC': 0.0, 'AVAX': 0.0}"
Random,Trade 221,03:17:12,2023-04-27,1954.12,-76.89,"{'USDT': 1001954.1230951595, 'BTC': 0.0, 'ETH': 0.0, 'BNB': 0.0, 'LTC': 0.0, 'AVAX': 0.0}"
Random,Trade 222,03:47:28,2023-04-27,2151.7,197.58,"{'USDT': 1002151.7004466252, 'BTC': 0.0, 'ETH': 0.0, 'BNB': 0.0, 'LTC': 0.0, 'AVAX': 0.0}"
Random,Trade 223,04:17:44,2023-04-27,1694.32,-457.38,"{'USDT': 1001694.3218567703, 'BTC': 0.0, 'ETH': 0.0, 'BNB': 0.0, 'LTC': 0.0, 'AVAX': 0.0}"
Random,Trade 224,04:47:59,2023-04-27,1410.79,-283.53,"{'USDT': 1001410.7932388365, 'BTC': 0.0, 'ETH': 0.0, 'BNB': 0.0, 'LTC': 0.0, 'AVAX': 0.0}"
Random,Trade 225,05:18:15,2023-04-27,1783.66,372.87,"{'USDT': 1001783.6606371949, 'BTC': 0.0, 'ETH': 0.0, 'BNB': 0.0, 'LTC': 0.0, 'AVAX': 0.0}"
Random,Trade 226,05:48:31,2023-04-27,1974.35,190.69,"{'USDT': 1001974.3485585131, 'BTC': 0.0, 'ETH': 0.0, 'BNB': 0.0, 'LTC': 0.0, 'AVAX': 0.0}"
Random,Trade 227,06:18:46,2023-04-27,2169.79,195.44,"{'USDT': 1002169.7931025212, 'BTC': 0.0, 'ETH': 0.0, 'BNB': 0.0, 'LTC': 0.0, 'AVAX': 0.0}"
Random,Trade 228,06:49:01,2023-04-27,2297.3,127.5,"{'USDT': 1002297.2977308535, 'BTC': 0.0, 'ETH': 0.0, 'BNB': 0.0, 'LTC': 0.0, 'AVAX': 0.0}"
Random,Trade 229,07:19:18,2023-04-27,2117.75,-179.54,"{'USDT': 1002117.7542320612, 'BTC': 0.0, 'ETH': 0.0, 'BNB': 0.0, 'LTC': 0.0, 'AVAX': 0.0}"
Random,Trade 230,07:49:33,2023-04-27,2087.77,-29.99,"{'USDT': 1002087.7686619237, 'BTC': 0.0, 'ETH': 0.0, 'BNB': 0.0, 'LTC': 0.0, 'AVAX': 0.0}"
Random,Trade 231,08:19:48,2023-04-27,1794.2,-293.57,"{'USDT': 1001794.198741605, 'BTC': 0.0, 'ETH': 0.0, 'BNB': 0.0, 'LTC': 0.0, 'AVAX': 0.0}"
Random,Trade 232,08:50:05,2023-04-27,1688.35,-105.85,"{'USDT': 1001688.346886082, 'BTC': 0.0, 'ETH': 0.0, 'BNB': 0.0, 'LTC': 0.0, 'AVAX': 0.0}"
Random,Trade 233,09:20:22,2023-04-27,1491.26,-197.09,"{'USDT': 1001491.2547176558, 'BTC': 0.0, 'ETH': 0.0, 'BNB': 0.0, 'LTC': 0.0, 'AVAX': 0.0}"
Random,Trade 234,09:50:37,2023-04-27,1501.56,10.31,"{'USDT': 1001501.5650758456, 'BTC': 0.0, 'ETH': 0.0, 'BNB': 0.0, 'LTC': 0.0, 'AVAX': 0.0}"
Random,Trade 235,10:20:52,2023-04-27,1774.06,272.49,"{'USDT': 1001774.0594944472, 'BTC': 0.0, 'ETH': 0.0, 'BNB': 0.0, 'LTC': 0.0, 'AVAX': 0.0}"
Random,Trade 236,10:51:09,2023-04-27,1796.5,22.44,"{'USDT': 1001796.502536636, 'BTC': 0.0, 'ETH': 0.0, 'BNB': 0.0, 'LTC': 0.0, 'AVAX': 0.0}"
Random,Trade 237,11:21:25,2023-04-27,1973.43,176.93,"{'USDT': 1001973.4319720041, 'BTC': 0.0, 'ETH': 0.0, 'BNB': 0.0, 'LTC': 0.0, 'AVAX': 0.0}"
Random,Trade 238,11:51:41,2023-04-27,1880.13,-93.3,"{'USDT': 1001880.1326943171, 'BTC': 0.0, 'ETH': 0.0, 'BNB': 0.0, 'LTC': 0.0, 'AVAX': 0.0}"
Random,Trade 239,12:21:57,2023-04-27,2149.15,269.01,"{'USDT': 1002149.1459612868, 'BTC': 0.0, 'ETH': 0.0, 'BNB': 0.0, 'LTC': 0.0, 'AVAX': 0.0}"
Random,Trade 240,12:52:12,2023-04-27,2335.04,185.9,"{'USDT': 1002335.0433894357, 'BTC': 0.0, 'ETH': 0.0, 'BNB': 0.0, 'LTC': 0.0, 'AVAX': 0.0}"
Random,Trade 241,13:22:27,2023-04-27,2377.76,42.71,"{'USDT': 1002377.7558746493, 'BTC': 0.0, 'ETH': 0.0, 'BNB': 0.0, 'LTC': 0.0, 'AVAX': 0.0}"
Random,Trade 242,13:52:45,2023-04-27,2852.81,475.06,"{'USDT': 1002852.8131193189, 'BTC': 0.0, 'ETH': 0.0, 'BNB': 0.0, 'LTC': 0.0, 'AVAX': 0.0}"
Random,Trade 243,14:23:00,2023-04-27,2898.97,46.15,"{'USDT': 1002898.967807506, 'BTC': 0.0, 'ETH': 0.0, 'BNB': 0.0, 'LTC': 0.0, 'AVAX': 0.0}"
Random,Trade 244,14:53:16,2023-04-27,3341.18,442.21,"{'USDT': 1003341.1826995084, 'BTC': 0.0, 'ETH': 0.0, 'BNB': 0.0, 'LTC': 0.0, 'AVAX': 0.0}"
Random,Trade 245,15:23:32,2023-04-27,3836.57,495.39,"{'USDT': 1003836.5737547996, 'BTC': 0.0, 'ETH': 0.0, 'BNB': 0.0, 'LTC': 0.0, 'AVAX': 0.0}"
Random,Trade 246,15:53:49,2023-04-27,3826.37,-10.21,"{'USDT': 1003826.3686712976, 'BTC': 0.0, 'ETH': 0.0, 'BNB': 0.0, 'LTC': 0.0, 'AVAX': 0.0}"
Random,Trade 247,16:24:06,2023-04-27,4076.89,250.52,"{'USDT': 1004076.8936076475, 'BTC': 0.0, 'ETH': 0.0, 'BNB': 0.0, 'LTC': 0.0, 'AVAX': 0.0}"
Random,Trade 248,16:54:22,2023-04-27,4371.9,295.01,"{'USDT': 1004371.8987676019, 'BTC': 0.0, 'ETH': 0.0, 'BNB': 0.0, 'LTC': 0.0, 'AVAX': 0.0}"
Random,Trade 249,17:24:37,2023-04-27,3850.64,-521.25,"{'USDT': 1003850.6439266927, 'BTC': 0.0, 'ETH': 0.0, 'BNB': 0.0, 'LTC': 0.0, 'AVAX': 0.0}"
Random,Trade 250,17:54:53,2023-04-27,3665.81,-184.84,"{'USDT': 1003665.8086657966, 'BTC': 0.0, 'ETH': 0.0, 'BNB': 0.0, 'LTC': 0.0, 'AVAX': 0.0}"
Random,Trade 251,18:25:10,2023-04-27,3748.49,82.68,"{'USDT': 1003748.4867666881, 'BTC': 0.0, 'ETH': 0.0, 'BNB': 0.0, 'LTC': 0.0, 'AVAX': 0.0}"
Random,Trade 252,18:55:26,2023-04-27,3780.24,31.75,"{'USDT': 1003780.2364893485, 'BTC': 0.0, 'ETH': 0.0, 'BNB': 0.0, 'LTC': 0.0, 'AVAX': 0.0}"
Random,Trade 253,19:25:42,2023-04-27,3508.79,-271.45,"{'USDT': 1003508.7864929663, 'BTC': 0.0, 'ETH': 0.0, 'BNB': 0.0, 'LTC': 0.0, 'AVAX': 0.0}"
Random,Trade 254,19:55:57,2023-04-27,3557.12,48.33,"{'USDT': 1003557.1158131652, 'BTC': 0.0, 'ETH': 0.0, 'BNB': 0.0, 'LTC': 0.0, 'AVAX': 0.0}"
Random,Trade 255,20:26:13,2023-04-27,3869.81,312.69,"{'USDT': 1003869.8103785121, 'BTC': 0.0, 'ETH': 0.0, 'BNB': 0.0, 'LTC': 0.0, 'AVAX': 0.0}"
Random,Trade 256,20:56:28,2023-04-27,3451.61,-418.2,"{'USDT': 1003451.6062757486, 'BTC': 0.0, 'ETH': 0.0, 'BNB': 0.0, 'LTC': 0.0, 'AVAX': 0.0}"
Random,Trade 257,21:26:44,2023-04-27,3594.27,142.67,"{'USDT': 1003594.2719051763, 'BTC': 0.0, 'ETH': 0.0, 'BNB': 0.0, 'LTC': 0.0, 'AVAX': 0.0}"
Random,Trade 258,21:57:00,2023-04-27,3826.77,232.5,"{'USDT': 1003826.7703712827, 'BTC': 0.0, 'ETH': 0.0, 'BNB': 0.0, 'LTC': 0.0, 'AVAX': 0.0}"
Random,Trade 259,22:27:16,2023-04-27,3688.98,-137.79,"{'USDT': 1003688.9805539036, 'BTC': 0.0, 'ETH': 0.0, 'BNB': 0.0, 'LTC': 0.0, 'AVAX': 0.0}"
Random,Trade 260,22:57:34,2023-04-27,3630.3,-58.68,"{'USDT': 1003630.2999202417, 'BTC': 0.0, 'ETH': 0.0, 'BNB': 0.0, 'LTC': 0.0, 'AVAX': 0.0}"
Random,Trade 261,23:27:51,2023-04-27,3765.79,135.49,"{'USDT': 1003765.7925068216, 'BTC': 0.0, 'ETH': 0.0, 'BNB': 0.0, 'LTC': 0.0, 'AVAX': 0.0}"
Random,Trade 262,23:58:06,2023-04-27,3578.69,-187.1,"{'USDT': 1003578.6953312887, 'BTC': 0.0, 'ETH': 0.0, 'BNB': 0.0, 'LTC': 0.0, 'AVAX': 0.0}"
Random,Trade 263,00:28:24,2023-04-28,3590.03,11.34,"{'USDT': 1003590.0343391388, 'BTC': 0.0, 'ETH': 0.0, 'BNB': 0.0, 'LTC': 0.0, 'AVAX': 0.0}"
Random,Trade 264,00:58:40,2023-04-28,3575.88,-14.16,"{'USDT': 1003575.8751594289, 'BTC': 0.0, 'ETH': 0.0, 'BNB': 0.0, 'LTC': 0.0, 'AVAX': 0.0}"
Random,Trade 265,01:28:56,2023-04-28,3713.74,137.87,"{'USDT': 1003713.7406417424, 'BTC': 0.0, 'ETH': 0.0, 'BNB': 0.0, 'LTC': 0.0, 'AVAX': 0.0}"
Random,Trade 266,01:59:12,2023-04-28,3701.5,-12.24,"{'USDT': 1003701.5044839464, 'BTC': 0.0, 'ETH': 0.0, 'BNB': 0.0, 'LTC': 0.0, 'AVAX': 0.0}"
Random,Trade 267,02:29:29,2023-04-28,3470.76,-230.74,"{'USDT': 1003470.7631663594, 'BTC': 0.0, 'ETH': 0.0, 'BNB': 0.0, 'LTC': 0.0, 'AVAX': 0.0}"
Random,Trade 268,02:59:46,2023-04-28,3518.68,47.91,"{'USDT': 1003518.6769020293, 'BTC': 0.0, 'ETH': 0.0, 'BNB': 0.0, 'LTC': 0.0, 'AVAX': 0.0}"
Random,Trade 269,03:30:02,2023-04-28,3570.24,51.56,"{'USDT': 1003570.2366828158, 'BTC': 0.0, 'ETH': 0.0, 'BNB': 0.0, 'LTC': 0.0, 'AVAX': 0.0}"
Random,Trade 270,04:00:18,2023-04-28,3347.89,-222.35,"{'USDT': 1003347.8849210041, 'BTC': 0.0, 'ETH': 0.0, 'BNB': 0.0, 'LTC': 0.0, 'AVAX': 0.0}"
Random,Trade 271,04:30:34,2023-04-28,3283.4,-64.49,"{'USDT': 1003283.3992605187, 'BTC': 0.0, 'ETH': 0.0, 'BNB': 0.0, 'LTC': 0.0, 'AVAX': 0.0}"
Random,Trade 272,05:00:51,2023-04-28,3273.96,-9.43,"{'USDT': 1003273.9645155042, 'BTC': 0.0, 'ETH': 0.0, 'BNB': 0.0, 'LTC': 0.0, 'AVAX': 0.0}"
Random,Trade 273,05:31:07,2023-04-28,3258.94,-15.03,"{'USDT': 1003258.9378577331, 'BTC': 0.0, 'ETH': 0.0, 'BNB': 0.0, 'LTC': 0.0, 'AVAX': 0.0}"
Random,Trade 274,06:01:23,2023-04-28,3258.94,-0.0,"{'USDT': 1003258.937857733, 'BTC': 0.0, 'ETH': 0.0, 'BNB': 0.0, 'LTC': 0.0, 'AVAX': 0.0}"
Random,Trade 275,06:31:39,2023-04-28,3261.91,2.98,"{'USDT': 1003261.9138233128, 'BTC': 0.0, 'ETH': 0.0, 'BNB': 0.0, 'LTC': 0.0, 'AVAX': 0.0}"
Random,Trade 276,07:01:55,2023-04-28,3169.63,-92.28,"{'USDT': 1003169.6334671022, 'BTC': 0.0, 'ETH': 0.0, 'BNB': 0.0, 'LTC': 0.0, 'AVAX': 0.0}"
Random,Trade 277,07:32:11,2023-04-28,2847.51,-322.13,"{'USDT': 1002847.5060887553, 'BTC': 0.0, 'ETH': 0.0, 'BNB': 0.0, 'LTC': 0.0, 'AVAX': 0.0}"
Random,Trade 278,08:02:28,2023-04-28,2666.11,-181.39,"{'USDT': 1002666.1116471161, 'BTC': 0.0, 'ETH': 0.0, 'BNB': 0.0, 'LTC': 0.0, 'AVAX': 0.0}"
Random,Trade 279,08:32:44,2023-04-28,2589.71,-76.4,"{'USDT': 1002589.7132335856, 'BTC': 0.0, 'ETH': 0.0, 'BNB': 0.0, 'LTC': 0.0, 'AVAX': 0.0}"
Random,Trade 280,09:03:00,2023-04-28,2585.56,-4.16,"{'USDT': 1002585.5569733874, 'BTC': 0.0, 'ETH': 0.0, 'BNB': 0.0, 'LTC': 0.0, 'AVAX': 0.0}"
Random,Trade 281,09:33:15,2023-04-28,2349.33,-236.22,"{'USDT': 1002349.3323690103, 'BTC': 0.0, 'ETH': 0.0, 'BNB': 0.0, 'LTC': 0.0, 'AVAX': 0.0}"
Random,Trade 282,10:03:29,2023-04-28,2327.04,-22.29,"{'USDT': 1002327.038122302, 'BTC': 0.0, 'ETH': 0.0, 'BNB': 0.0, 'LTC': 0.0, 'AVAX': 0.0}"
Random,Trade 283,10:33:47,2023-04-28,2283.44,-43.59,"{'USDT': 1002283.4439516752, 'BTC': 0.0, 'ETH': 0.0, 'BNB': 0.0, 'LTC': 0.0, 'AVAX': 0.0}"
Random,Trade 284,11:04:03,2023-04-28,2271.58,-11.87,"{'USDT': 1002271.5756113455, 'BTC': 0.0, 'ETH': 0.0, 'BNB': 0.0, 'LTC': 0.0, 'AVAX': 0.0}"
Random,Trade 285,11:34:18,2023-04-28,2387.9,116.32,"{'USDT': 1002387.8985841051, 'BTC': 0.0, 'ETH': 0.0, 'BNB': 0.0, 'LTC': 0.0, 'AVAX': 0.0}"
Random,Trade 286,12:04:34,2023-04-28,2621.45,233.56,"{'USDT': 1002621.4554271107, 'BTC': 0.0, 'ETH': 0.0, 'BNB': 0.0, 'LTC': 0.0, 'AVAX': 0.0}"
Random,Trade 287,12:34:49,2023-04-28,2599.26,-22.19,"{'USDT': 1002599.2641212151, 'BTC': 0.0, 'ETH': 0.0, 'BNB': 0.0, 'LTC': 0.0, 'AVAX': 0.0}"
Random,Trade 288,13:05:04,2023-04-28,2618.42,19.16,"{'USDT': 1002618.4191692392, 'BTC': 0.0, 'ETH': 0.0, 'BNB': 0.0, 'LTC': 0.0, 'AVAX': 0.0}"
Random,Trade 289,13:35:19,2023-04-28,2628.59,10.17,"{'USDT': 1002628.5919584204, 'BTC': 0.0, 'ETH': 0.0, 'BNB': 0.0, 'LTC': 0.0, 'AVAX': 0.0}"
Random,Trade 290,14:05:34,2023-04-28,2081.02,-547.57,"{'USDT': 1002081.0229299711, 'BTC': 0.0, 'ETH': 0.0, 'BNB': 0.0, 'LTC': 0.0, 'AVAX': 0.0}"
Random,Trade 291,14:35:50,2023-04-28,2539.62,458.6,"{'USDT': 1002539.6186212554, 'BTC': 0.0, 'ETH': 0.0, 'BNB': 0.0, 'LTC': 0.0, 'AVAX': 0.0}"
Random,Trade 292,15:06:08,2023-04-28,2509.62,-30.0,"{'USDT': 1002509.6210696569, 'BTC': 0.0, 'ETH': 0.0, 'BNB': 0.0, 'LTC': 0.0, 'AVAX': 0.0}"
Random,Trade 293,15:36:25,2023-04-28,2734.47,224.85,"{'USDT': 1002734.4713071771, 'BTC': 0.0, 'ETH': 0.0, 'BNB': 0.0, 'LTC': 0.0, 'AVAX': 0.0}"
Random,Trade 294,16:06:41,2023-04-28,2422.33,-312.14,"{'USDT': 1002422.3316887586, 'BTC': 0.0, 'ETH': 0.0, 'BNB': 0.0, 'LTC': 0.0, 'AVAX': 0.0}"
Random,Trade 295,16:36:57,2023-04-28,2276.96,-145.37,"{'USDT': 1002276.9635770814, 'BTC': 0.0, 'ETH': 0.0, 'BNB': 0.0, 'LTC': 0.0, 'AVAX': 0.0}"
Random,Trade 296,17:07:14,2023-04-28,2966.16,689.2,"{'USDT': 1002966.1593343385, 'BTC': 0.0, 'ETH': 0.0, 'BNB': 0.0, 'LTC': 0.0, 'AVAX': 0.0}"
Random,Trade 297,17:37:30,2023-04-28,2924.88,-41.28,"{'USDT': 1002924.880766037, 'BTC': 0.0, 'ETH': 0.0, 'BNB': 0.0, 'LTC': 0.0, 'AVAX': 0.0}"
Random,Trade 298,18:07:47,2023-04-28,3126.99,202.11,"{'USDT': 1003126.9900344991, 'BTC': 0.0, 'ETH': 0.0, 'BNB': 0.0, 'LTC': 0.0, 'AVAX': 0.0}"
Random,Trade 299,18:38:04,2023-04-28,3158.17,31.18,"{'USDT': 1003158.172098223, 'BTC': 0.0, 'ETH': 0.0, 'BNB': 0.0, 'LTC': 0.0, 'AVAX': 0.0}"
Random,Trade 300,19:08:24,2023-04-28,3324.6,166.43,"{'USDT': 1003324.5989990872, 'BTC': 0.0, 'ETH': 0.0, 'BNB': 0.0, 'LTC': 0.0, 'AVAX': 0.0}"
Random,Trade 301,19:38:40,2023-04-28,3520.44,195.84,"{'USDT': 1003520.4431429789, 'BTC': 0.0, 'ETH': 0.0, 'BNB': 0.0, 'LTC': 0.0, 'AVAX': 0.0}"
Random,Trade 302,20:08:58,2023-04-28,3576.0,55.55,"{'USDT': 1003575.9980291091, 'BTC': 0.0, 'ETH': 0.0, 'BNB': 0.0, 'LTC': 0.0, 'AVAX': 0.0}"
Random,Trade 303,20:39:14,2023-04-28,3377.29,-198.71,"{'USDT': 1003377.2895309487, 'BTC': 0.0, 'ETH': 0.0, 'BNB': 0.0, 'LTC': 0.0, 'AVAX': 0.0}"
Random,Trade 304,21:09:29,2023-04-28,3174.85,-202.44,"{'USDT': 1003174.8525355123, 'BTC': 0.0, 'ETH': 0.0, 'BNB': 0.0, 'LTC': 0.0, 'AVAX': 0.0}"
Random,Trade 305,21:39:46,2023-04-28,3133.37,-41.48,"{'USDT': 1003133.3696740658, 'BTC': 0.0, 'ETH': 0.0, 'BNB': 0.0, 'LTC': 0.0, 'AVAX': 0.0}"
Random,Trade 306,22:10:01,2023-04-28,3078.36,-55.01,"{'USDT': 1003078.3603414824, 'BTC': 0.0, 'ETH': 0.0, 'BNB': 0.0, 'LTC': 0.0, 'AVAX': 0.0}"
Random,Trade 307,22:40:18,2023-04-28,3057.73,-20.63,"{'USDT': 1003057.7255644862, 'BTC': 0.0, 'ETH': 0.0, 'BNB': 0.0, 'LTC': 0.0, 'AVAX': 0.0}"
Random,Trade 308,23:10:37,2023-04-28,3137.98,80.26,"{'USDT': 1003137.9851380547, 'BTC': 0.0, 'ETH': 0.0, 'BNB': 0.0, 'LTC': 0.0, 'AVAX': 0.0}"
Random,Trade 309,23:40:54,2023-04-28,2882.35,-255.64,"{'USDT': 1002882.3485196566, 'BTC': 0.0, 'ETH': 0.0, 'BNB': 0.0, 'LTC': 0.0, 'AVAX': 0.0}"
Random,Trade 310,00:11:10,2023-04-29,2871.97,-10.37,"{'USDT': 1002871.9742583053, 'BTC': 0.0, 'ETH': 0.0, 'BNB': 0.0, 'LTC': 0.0, 'AVAX': 0.0}"
Random,Trade 311,00:41:26,2023-04-29,2903.95,31.98,"{'USDT': 1002903.9548743628, 'BTC': 0.0, 'ETH': 0.0, 'BNB': 0.0, 'LTC': 0.0, 'AVAX': 0.0}"
Random,Trade 312,01:11:42,2023-04-29,2975.68,71.73,"{'USDT': 1002975.6806013833, 'BTC': 0.0, 'ETH': 0.0, 'BNB': 0.0, 'LTC': 0.0, 'AVAX': 0.0}"
Random,Trade 313,01:41:57,2023-04-29,2986.87,11.19,"{'USDT': 1002986.8682832685, 'BTC': 0.0, 'ETH': 0.0, 'BNB': 0.0, 'LTC': 0.0, 'AVAX': 0.0}"
Random,Trade 314,02:12:14,2023-04-29,3065.52,78.65,"{'USDT': 1003065.5146439354, 'BTC': 0.0, 'ETH': 0.0, 'BNB': 0.0, 'LTC': 0.0, 'AVAX': 0.0}"
Random,Trade 315,02:42:30,2023-04-29,3023.87,-41.65,"{'USDT': 1003023.869249319, 'BTC': 0.0, 'ETH': 0.0, 'BNB': 0.0, 'LTC': 0.0, 'AVAX': 0.0}"
Random,Trade 316,03:12:46,2023-04-29,3011.35,-12.52,"{'USDT': 1003011.3490521242, 'BTC': 0.0, 'ETH': 0.0, 'BNB': 0.0, 'LTC': 0.0, 'AVAX': 0.0}"
Random,Trade 317,03:43:02,2023-04-29,3011.18,-0.17,"{'USDT': 1003011.1777539086, 'BTC': 0.0, 'ETH': 0.0, 'BNB': 0.0, 'LTC': 0.0, 'AVAX': 0.0}"
Random,Trade 318,04:13:20,2023-04-29,2999.21,-11.97,"{'USDT': 1002999.2067874924, 'BTC': 0.0, 'ETH': 0.0, 'BNB': 0.0, 'LTC': 0.0, 'AVAX': 0.0}"
Random,Trade 319,04:43:36,2023-04-29,3047.52,48.31,"{'USDT': 1003047.5161190585, 'BTC': 0.0, 'ETH': 0.0, 'BNB': 0.0, 'LTC': 0.0, 'AVAX': 0.0}"
Random,Trade 320,05:13:52,2023-04-29,3078.35,30.84,"{'USDT': 1003078.3514640958, 'BTC': 0.0, 'ETH': 0.0, 'BNB': 0.0, 'LTC': 0.0, 'AVAX': 0.0}"
Random,Trade 321,05:44:08,2023-04-29,3199.6,121.25,"{'USDT': 1003199.604506047, 'BTC': 0.0, 'ETH': 0.0, 'BNB': 0.0, 'LTC': 0.0, 'AVAX': 0.0}"
Random,Trade 322,06:14:24,2023-04-29,3222.11,22.51,"{'USDT': 1003222.1109232593, 'BTC': 0.0, 'ETH': 0.0, 'BNB': 0.0, 'LTC': 0.0, 'AVAX': 0.0}"
Random,Trade 323,06:44:39,2023-04-29,3278.74,56.63,"{'USDT': 1003278.740984956, 'BTC': 0.0, 'ETH': 0.0, 'BNB': 0.0, 'LTC': 0.0, 'AVAX': 0.0}"
Random,Trade 324,07:14:55,2023-04-29,3260.55,-18.19,"{'USDT': 1003260.5484020743, 'BTC': 0.0, 'ETH': 0.0, 'BNB': 0.0, 'LTC': 0.0, 'AVAX': 0.0}"
Random,Trade 325,07:45:10,2023-04-29,3351.29,90.74,"{'USDT': 1003351.2868235585, 'BTC': 0.0, 'ETH': 0.0, 'BNB': 0.0, 'LTC': 0.0, 'AVAX': 0.0}"
Random,Trade 326,08:15:26,2023-04-29,2907.31,-443.98,"{'USDT': 1002907.3057100778, 'BTC': 0.0, 'ETH': 0.0, 'BNB': 0.0, 'LTC': 0.0, 'AVAX': 0.0}"
Random,Trade 327,08:45:43,2023-04-29,3016.48,109.17,"{'USDT': 1003016.4793493939, 'BTC': 0.0, 'ETH': 0.0, 'BNB': 0.0, 'LTC': 0.0, 'AVAX': 0.0}"
Random,Trade 328,09:15:59,2023-04-29,2969.42,-47.06,"{'USDT': 1002969.4202635613, 'BTC': 0.0, 'ETH': 0.0, 'BNB': 0.0, 'LTC': 0.0, 'AVAX': 0.0}"
Random,Trade 329,09:46:15,2023-04-29,2975.42,5.99,"{'USDT': 1002975.4151760293, 'BTC': 0.0, 'ETH': 0.0, 'BNB': 0.0, 'LTC': 0.0, 'AVAX': 0.0}"
Random,Trade 330,10:16:31,2023-04-29,2943.14,-32.28,"{'USDT': 1002943.1365825825, 'BTC': 0.0, 'ETH': 0.0, 'BNB': 0.0, 'LTC': 0.0, 'AVAX': 0.0}"
